2134,32.7155,-117.16382,a553cafe,04-01-2018-01 AM,04-01-2018-01 AM,7
2134,32.7155,-117.16382,a553cafe,04-01-2018-01 PM,04-01-2018-01 PM,32
2134,32.7155,-117.16382,a553cafe,04-01-2018-02 AM,04-01-2018-02 AM,1
2134,32.7155,-117.16382,a553cafe,04-01-2018-02 PM,04-01-2018-02 PM,43
2134,32.7155,-117.16382,a553cafe,04-01-2018-03 AM,04-01-2018-03 AM,0
2134,32.7155,-117.16382,a553cafe,04-01-2018-03 PM,04-01-2018-03 PM,48
2134,32.7155,-117.16382,a553cafe,04-01-2018-04 AM,04-01-2018-04 AM,0
2134,32.7155,-117.16382,a553cafe,04-01-2018-04 PM,04-01-2018-04 PM,41
2134,32.7155,-117.16382,a553cafe,04-01-2018-05 AM,04-01-2018-05 AM,0
2134,32.7155,-117.16382,a553cafe,04-01-2018-05 PM,04-01-2018-05 PM,38
2134,32.7155,-117.16382,a553cafe,04-01-2018-06 AM,04-01-2018-06 AM,0
2134,32.7155,-117.16382,a553cafe,04-01-2018-06 PM,04-01-2018-06 PM,39
2134,32.7155,-117.16382,a553cafe,04-01-2018-07 AM,04-01-2018-07 AM,6
2134,32.7155,-117.16382,a553cafe,04-01-2018-07 PM,04-01-2018-07 PM,15
2134,32.7155,-117.16382,a553cafe,04-01-2018-08 AM,04-01-2018-08 AM,10
2134,32.7155,-117.16382,a553cafe,04-01-2018-08 PM,04-01-2018-08 PM,10
2134,32.7155,-117.16382,a553cafe,04-01-2018-09 AM,04-01-2018-09 AM,17
2134,32.7155,-117.16382,a553cafe,04-01-2018-09 PM,04-01-2018-09 PM,2
2134,32.7155,-117.16382,a553cafe,04-01-2018-10 AM,04-01-2018-10 AM,41
2134,32.7155,-117.16382,a553cafe,04-01-2018-10 PM,04-01-2018-10 PM,16
2134,32.7155,-117.16382,a553cafe,04-01-2018-11 AM,04-01-2018-11 AM,36
2134,32.7155,-117.16382,a553cafe,04-01-2018-11 PM,04-01-2018-11 PM,3
2134,32.7155,-117.16382,a553cafe,04-01-2018-12 AM,04-01-2018-12 AM,7
2134,32.7155,-117.16382,a553cafe,04-01-2018-12 PM,04-01-2018-12 PM,21
2134,32.7155,-117.16382,a553cafe,04-02-2018-01 AM,04-02-2018-01 AM,0
2134,32.7155,-117.16382,a553cafe,04-02-2018-01 PM,04-02-2018-01 PM,178
2134,32.7155,-117.16382,a553cafe,04-02-2018-02 AM,04-02-2018-02 AM,1
2134,32.7155,-117.16382,a553cafe,04-02-2018-02 PM,04-02-2018-02 PM,136
2134,32.7155,-117.16382,a553cafe,04-02-2018-03 AM,04-02-2018-03 AM,0
2134,32.7155,-117.16382,a553cafe,04-02-2018-03 PM,04-02-2018-03 PM,145
2134,32.7155,-117.16382,a553cafe,04-02-2018-04 AM,04-02-2018-04 AM,0
2134,32.7155,-117.16382,a553cafe,04-02-2018-04 PM,04-02-2018-04 PM,163
2134,32.7155,-117.16382,a553cafe,04-02-2018-05 AM,04-02-2018-05 AM,2
2134,32.7155,-117.16382,a553cafe,04-02-2018-05 PM,04-02-2018-05 PM,157
2134,32.7155,-117.16382,a553cafe,04-02-2018-06 AM,04-02-2018-06 AM,35
2134,32.7155,-117.16382,a553cafe,04-02-2018-06 PM,04-02-2018-06 PM,138
2134,32.7155,-117.16382,a553cafe,04-02-2018-07 AM,04-02-2018-07 AM,119
2134,32.7155,-117.16382,a553cafe,04-02-2018-07 PM,04-02-2018-07 PM,44
2134,32.7155,-117.16382,a553cafe,04-02-2018-08 AM,04-02-2018-08 AM,74
2134,32.7155,-117.16382,a553cafe,04-02-2018-08 PM,04-02-2018-08 PM,43
2134,32.7155,-117.16382,a553cafe,04-02-2018-09 AM,04-02-2018-09 AM,95
2134,32.7155,-117.16382,a553cafe,04-02-2018-09 PM,04-02-2018-09 PM,41
2134,32.7155,-117.16382,a553cafe,04-02-2018-10 AM,04-02-2018-10 AM,133
2134,32.7155,-117.16382,a553cafe,04-02-2018-10 PM,04-02-2018-10 PM,24
2134,32.7155,-117.16382,a553cafe,04-02-2018-11 AM,04-02-2018-11 AM,68
2134,32.7155,-117.16382,a553cafe,04-02-2018-11 PM,04-02-2018-11 PM,2
2134,32.7155,-117.16382,a553cafe,04-02-2018-12 AM,04-02-2018-12 AM,1
2134,32.7155,-117.16382,a553cafe,04-02-2018-12 PM,04-02-2018-12 PM,102
5937,32.719864,-117.16318,a0fa8a2f,04-01-2018-01 AM,04-01-2018-01 AM,6
5937,32.719864,-117.16318,a0fa8a2f,04-01-2018-01 PM,04-01-2018-01 PM,193
5937,32.719864,-117.16318,a0fa8a2f,04-01-2018-02 AM,04-01-2018-02 AM,14
5937,32.719864,-117.16318,a0fa8a2f,04-01-2018-02 PM,04-01-2018-02 PM,194
5937,32.719864,-117.16318,a0fa8a2f,04-01-2018-03 AM,04-01-2018-03 AM,9
5937,32.719864,-117.16318,a0fa8a2f,04-01-2018-03 PM,04-01-2018-03 PM,245
5937,32.719864,-117.16318,a0fa8a2f,04-01-2018-04 AM,04-01-2018-04 AM,7
5937,32.719864,-117.16318,a0fa8a2f,04-01-2018-04 PM,04-01-2018-04 PM,153
5937,32.719864,-117.16318,a0fa8a2f,04-01-2018-05 AM,04-01-2018-05 AM,7
5937,32.719864,-117.16318,a0fa8a2f,04-01-2018-05 PM,04-01-2018-05 PM,63
5937,32.719864,-117.16318,a0fa8a2f,04-01-2018-06 AM,04-01-2018-06 AM,38
5937,32.719864,-117.16318,a0fa8a2f,04-01-2018-06 PM,04-01-2018-06 PM,96
5937,32.719864,-117.16318,a0fa8a2f,04-01-2018-07 AM,04-01-2018-07 AM,74
5937,32.719864,-117.16318,a0fa8a2f,04-01-2018-07 PM,04-01-2018-07 PM,61
5937,32.719864,-117.16318,a0fa8a2f,04-01-2018-08 AM,04-01-2018-08 AM,116
5937,32.719864,-117.16318,a0fa8a2f,04-01-2018-08 PM,04-01-2018-08 PM,32
5937,32.719864,-117.16318,a0fa8a2f,04-01-2018-09 AM,04-01-2018-09 AM,68
5937,32.719864,-117.16318,a0fa8a2f,04-01-2018-09 PM,04-01-2018-09 PM,29
5937,32.719864,-117.16318,a0fa8a2f,04-01-2018-10 AM,04-01-2018-10 AM,17
5937,32.719864,-117.16318,a0fa8a2f,04-01-2018-10 PM,04-01-2018-10 PM,11
5937,32.719864,-117.16318,a0fa8a2f,04-01-2018-11 AM,04-01-2018-11 AM,18
5937,32.719864,-117.16318,a0fa8a2f,04-01-2018-11 PM,04-01-2018-11 PM,7
5937,32.719864,-117.16318,a0fa8a2f,04-01-2018-12 AM,04-01-2018-12 AM,8
5937,32.719864,-117.16318,a0fa8a2f,04-01-2018-12 PM,04-01-2018-12 PM,24
5937,32.719864,-117.16318,a0fa8a2f,04-02-2018-01 AM,04-02-2018-01 AM,4
5937,32.719864,-117.16318,a0fa8a2f,04-02-2018-01 PM,04-02-2018-01 PM,303
5937,32.719864,-117.16318,a0fa8a2f,04-02-2018-02 AM,04-02-2018-02 AM,3
5937,32.719864,-117.16318,a0fa8a2f,04-02-2018-02 PM,04-02-2018-02 PM,289
5937,32.719864,-117.16318,a0fa8a2f,04-02-2018-03 AM,04-02-2018-03 AM,2
5937,32.719864,-117.16318,a0fa8a2f,04-02-2018-03 PM,04-02-2018-03 PM,294
5937,32.719864,-117.16318,a0fa8a2f,04-02-2018-04 AM,04-02-2018-04 AM,6
5937,32.719864,-117.16318,a0fa8a2f,04-02-2018-04 PM,04-02-2018-04 PM,285
5937,32.719864,-117.16318,a0fa8a2f,04-02-2018-05 AM,04-02-2018-05 AM,29
5937,32.719864,-117.16318,a0fa8a2f,04-02-2018-05 PM,04-02-2018-05 PM,196
5937,32.719864,-117.16318,a0fa8a2f,04-02-2018-06 AM,04-02-2018-06 AM,237
5937,32.719864,-117.16318,a0fa8a2f,04-02-2018-06 PM,04-02-2018-06 PM,201
5937,32.719864,-117.16318,a0fa8a2f,04-02-2018-07 AM,04-02-2018-07 AM,552
5937,32.719864,-117.16318,a0fa8a2f,04-02-2018-07 PM,04-02-2018-07 PM,61
5937,32.719864,-117.16318,a0fa8a2f,04-02-2018-08 AM,04-02-2018-08 AM,670
5937,32.719864,-117.16318,a0fa8a2f,04-02-2018-08 PM,04-02-2018-08 PM,45
5937,32.719864,-117.16318,a0fa8a2f,04-02-2018-09 AM,04-02-2018-09 AM,410
5937,32.719864,-117.16318,a0fa8a2f,04-02-2018-09 PM,04-02-2018-09 PM,34
5937,32.719864,-117.16318,a0fa8a2f,04-02-2018-10 AM,04-02-2018-10 AM,313
5937,32.719864,-117.16318,a0fa8a2f,04-02-2018-10 PM,04-02-2018-10 PM,20
5937,32.719864,-117.16318,a0fa8a2f,04-02-2018-11 AM,04-02-2018-11 AM,173
5937,32.719864,-117.16318,a0fa8a2f,04-02-2018-11 PM,04-02-2018-11 PM,11
5937,32.719864,-117.16318,a0fa8a2f,04-02-2018-12 AM,04-02-2018-12 AM,5
5937,32.719864,-117.16318,a0fa8a2f,04-02-2018-12 PM,04-02-2018-12 PM,304
8867,32.715775,-117.16315,9f61e092,04-01-2018-01 AM,04-01-2018-01 AM,35
8867,32.715775,-117.16315,9f61e092,04-01-2018-01 PM,04-01-2018-01 PM,238
8867,32.715775,-117.16315,9f61e092,04-01-2018-02 AM,04-01-2018-02 AM,64
8867,32.715775,-117.16315,9f61e092,04-01-2018-02 PM,04-01-2018-02 PM,256
8867,32.715775,-117.16315,9f61e092,04-01-2018-03 AM,04-01-2018-03 AM,16
8867,32.715775,-117.16315,9f61e092,04-01-2018-03 PM,04-01-2018-03 PM,334
8867,32.715775,-117.16315,9f61e092,04-01-2018-04 AM,04-01-2018-04 AM,12
8867,32.715775,-117.16315,9f61e092,04-01-2018-04 PM,04-01-2018-04 PM,296
8867,32.715775,-117.16315,9f61e092,04-01-2018-05 AM,04-01-2018-05 AM,11
8867,32.715775,-117.16315,9f61e092,04-01-2018-05 PM,04-01-2018-05 PM,85
8867,32.715775,-117.16315,9f61e092,04-01-2018-06 AM,04-01-2018-06 AM,86
8867,32.715775,-117.16315,9f61e092,04-01-2018-06 PM,04-01-2018-06 PM,190
8867,32.715775,-117.16315,9f61e092,04-01-2018-07 AM,04-01-2018-07 AM,119
8867,32.715775,-117.16315,9f61e092,04-01-2018-07 PM,04-01-2018-07 PM,112
8867,32.715775,-117.16315,9f61e092,04-01-2018-08 AM,04-01-2018-08 AM,184
8867,32.715775,-117.16315,9f61e092,04-01-2018-08 PM,04-01-2018-08 PM,36
8867,32.715775,-117.16315,9f61e092,04-01-2018-09 AM,04-01-2018-09 AM,219
8867,32.715775,-117.16315,9f61e092,04-01-2018-09 PM,04-01-2018-09 PM,47
8867,32.715775,-117.16315,9f61e092,04-01-2018-10 AM,04-01-2018-10 AM,313
8867,32.715775,-117.16315,9f61e092,04-01-2018-10 PM,04-01-2018-10 PM,17
8867,32.715775,-117.16315,9f61e092,04-01-2018-11 AM,04-01-2018-11 AM,171
8867,32.715775,-117.16315,9f61e092,04-01-2018-11 PM,04-01-2018-11 PM,13
8867,32.715775,-117.16315,9f61e092,04-01-2018-12 AM,04-01-2018-12 AM,30
8867,32.715775,-117.16315,9f61e092,04-01-2018-12 PM,04-01-2018-12 PM,205
8867,32.715775,-117.16315,9f61e092,04-02-2018-01 AM,04-02-2018-01 AM,7
8867,32.715775,-117.16315,9f61e092,04-02-2018-01 PM,04-02-2018-01 PM,467
8867,32.715775,-117.16315,9f61e092,04-02-2018-02 AM,04-02-2018-02 AM,10
8867,32.715775,-117.16315,9f61e092,04-02-2018-02 PM,04-02-2018-02 PM,432
8867,32.715775,-117.16315,9f61e092,04-02-2018-03 AM,04-02-2018-03 AM,4
8867,32.715775,-117.16315,9f61e092,04-02-2018-03 PM,04-02-2018-03 PM,394
8867,32.715775,-117.16315,9f61e092,04-02-2018-04 AM,04-02-2018-04 AM,17
8867,32.715775,-117.16315,9f61e092,04-02-2018-04 PM,04-02-2018-04 PM,381
8867,32.715775,-117.16315,9f61e092,04-02-2018-05 AM,04-02-2018-05 AM,22
8867,32.715775,-117.16315,9f61e092,04-02-2018-05 PM,04-02-2018-05 PM,243
8867,32.715775,-117.16315,9f61e092,04-02-2018-06 AM,04-02-2018-06 AM,327
8867,32.715775,-117.16315,9f61e092,04-02-2018-06 PM,04-02-2018-06 PM,329
8867,32.715775,-117.16315,9f61e092,04-02-2018-07 AM,04-02-2018-07 AM,617
8867,32.715775,-117.16315,9f61e092,04-02-2018-07 PM,04-02-2018-07 PM,153
8867,32.715775,-117.16315,9f61e092,04-02-2018-08 AM,04-02-2018-08 AM,604
8867,32.715775,-117.16315,9f61e092,04-02-2018-08 PM,04-02-2018-08 PM,38
8867,32.715775,-117.16315,9f61e092,04-02-2018-09 AM,04-02-2018-09 AM,482
8867,32.715775,-117.16315,9f61e092,04-02-2018-09 PM,04-02-2018-09 PM,36
8867,32.715775,-117.16315,9f61e092,04-02-2018-10 AM,04-02-2018-10 AM,432
8867,32.715775,-117.16315,9f61e092,04-02-2018-10 PM,04-02-2018-10 PM,30
8867,32.715775,-117.16315,9f61e092,04-02-2018-11 AM,04-02-2018-11 AM,269
8867,32.715775,-117.16315,9f61e092,04-02-2018-11 PM,04-02-2018-11 PM,11
8867,32.715775,-117.16315,9f61e092,04-02-2018-12 AM,04-02-2018-12 AM,8
8867,32.715775,-117.16315,9f61e092,04-02-2018-12 PM,04-02-2018-12 PM,465
3747,32.715683,-117.164505,befa93d0,04-01-2018-01 AM,04-01-2018-01 AM,12
3747,32.715683,-117.164505,befa93d0,04-01-2018-01 PM,04-01-2018-01 PM,58
3747,32.715683,-117.164505,befa93d0,04-01-2018-02 AM,04-01-2018-02 AM,17
3747,32.715683,-117.164505,befa93d0,04-01-2018-02 PM,04-01-2018-02 PM,43
3747,32.715683,-117.164505,befa93d0,04-01-2018-03 AM,04-01-2018-03 AM,3
3747,32.715683,-117.164505,befa93d0,04-01-2018-03 PM,04-01-2018-03 PM,27
3747,32.715683,-117.164505,befa93d0,04-01-2018-04 AM,04-01-2018-04 AM,4
3747,32.715683,-117.164505,befa93d0,04-01-2018-04 PM,04-01-2018-04 PM,76
3747,32.715683,-117.164505,befa93d0,04-01-2018-05 AM,04-01-2018-05 AM,0
3747,32.715683,-117.164505,befa93d0,04-01-2018-05 PM,04-01-2018-05 PM,47
3747,32.715683,-117.164505,befa93d0,04-01-2018-06 AM,04-01-2018-06 AM,37
3747,32.715683,-117.164505,befa93d0,04-01-2018-06 PM,04-01-2018-06 PM,107
3747,32.715683,-117.164505,befa93d0,04-01-2018-07 AM,04-01-2018-07 AM,59
3747,32.715683,-117.164505,befa93d0,04-01-2018-07 PM,04-01-2018-07 PM,53
3747,32.715683,-117.164505,befa93d0,04-01-2018-08 AM,04-01-2018-08 AM,74
3747,32.715683,-117.164505,befa93d0,04-01-2018-08 PM,04-01-2018-08 PM,8
3747,32.715683,-117.164505,befa93d0,04-01-2018-09 AM,04-01-2018-09 AM,77
3747,32.715683,-117.164505,befa93d0,04-01-2018-09 PM,04-01-2018-09 PM,8
3747,32.715683,-117.164505,befa93d0,04-01-2018-10 AM,04-01-2018-10 AM,47
3747,32.715683,-117.164505,befa93d0,04-01-2018-10 PM,04-01-2018-10 PM,1
3747,32.715683,-117.164505,befa93d0,04-01-2018-11 AM,04-01-2018-11 AM,76
3747,32.715683,-117.164505,befa93d0,04-01-2018-11 PM,04-01-2018-11 PM,2
3747,32.715683,-117.164505,befa93d0,04-01-2018-12 AM,04-01-2018-12 AM,10
3747,32.715683,-117.164505,befa93d0,04-01-2018-12 PM,04-01-2018-12 PM,98
3747,32.715683,-117.164505,befa93d0,04-02-2018-01 AM,04-02-2018-01 AM,1
3747,32.715683,-117.164505,befa93d0,04-02-2018-01 PM,04-02-2018-01 PM,196
3747,32.715683,-117.164505,befa93d0,04-02-2018-02 AM,04-02-2018-02 AM,0
3747,32.715683,-117.164505,befa93d0,04-02-2018-02 PM,04-02-2018-02 PM,213
3747,32.715683,-117.164505,befa93d0,04-02-2018-03 AM,04-02-2018-03 AM,2
3747,32.715683,-117.164505,befa93d0,04-02-2018-03 PM,04-02-2018-03 PM,225
3747,32.715683,-117.164505,befa93d0,04-02-2018-04 AM,04-02-2018-04 AM,1
3747,32.715683,-117.164505,befa93d0,04-02-2018-04 PM,04-02-2018-04 PM,302
3747,32.715683,-117.164505,befa93d0,04-02-2018-05 AM,04-02-2018-05 AM,2
3747,32.715683,-117.164505,befa93d0,04-02-2018-05 PM,04-02-2018-05 PM,247
3747,32.715683,-117.164505,befa93d0,04-02-2018-06 AM,04-02-2018-06 AM,58
3747,32.715683,-117.164505,befa93d0,04-02-2018-06 PM,04-02-2018-06 PM,237
3747,32.715683,-117.164505,befa93d0,04-02-2018-07 AM,04-02-2018-07 AM,154
3747,32.715683,-117.164505,befa93d0,04-02-2018-07 PM,04-02-2018-07 PM,77
3747,32.715683,-117.164505,befa93d0,04-02-2018-08 AM,04-02-2018-08 AM,251
3747,32.715683,-117.164505,befa93d0,04-02-2018-08 PM,04-02-2018-08 PM,14
3747,32.715683,-117.164505,befa93d0,04-02-2018-09 AM,04-02-2018-09 AM,217
3747,32.715683,-117.164505,befa93d0,04-02-2018-09 PM,04-02-2018-09 PM,9
3747,32.715683,-117.164505,befa93d0,04-02-2018-10 AM,04-02-2018-10 AM,212
3747,32.715683,-117.164505,befa93d0,04-02-2018-10 PM,04-02-2018-10 PM,6
3747,32.715683,-117.164505,befa93d0,04-02-2018-11 AM,04-02-2018-11 AM,137
3747,32.715683,-117.164505,befa93d0,04-02-2018-11 PM,04-02-2018-11 PM,4
3747,32.715683,-117.164505,befa93d0,04-02-2018-12 AM,04-02-2018-12 AM,2
3747,32.715683,-117.164505,befa93d0,04-02-2018-12 PM,04-02-2018-12 PM,236
476,32.717987,-117.16113,9532e459,04-01-2018-01 AM,04-01-2018-01 AM,8
476,32.717987,-117.16113,9532e459,04-01-2018-01 PM,04-01-2018-01 PM,7
476,32.717987,-117.16113,9532e459,04-01-2018-02 AM,04-01-2018-02 AM,1
476,32.717987,-117.16113,9532e459,04-01-2018-02 PM,04-01-2018-02 PM,3
476,32.717987,-117.16113,9532e459,04-01-2018-03 AM,04-01-2018-03 AM,0
476,32.717987,-117.16113,9532e459,04-01-2018-03 PM,04-01-2018-03 PM,5
476,32.717987,-117.16113,9532e459,04-01-2018-04 AM,04-01-2018-04 AM,1
476,32.717987,-117.16113,9532e459,04-01-2018-04 PM,04-01-2018-04 PM,16
476,32.717987,-117.16113,9532e459,04-01-2018-05 AM,04-01-2018-05 AM,3
476,32.717987,-117.16113,9532e459,04-01-2018-05 PM,04-01-2018-05 PM,8
476,32.717987,-117.16113,9532e459,04-01-2018-06 AM,04-01-2018-06 AM,0
476,32.717987,-117.16113,9532e459,04-01-2018-06 PM,04-01-2018-06 PM,13
476,32.717987,-117.16113,9532e459,04-01-2018-07 AM,04-01-2018-07 AM,0
476,32.717987,-117.16113,9532e459,04-01-2018-07 PM,04-01-2018-07 PM,8
476,32.717987,-117.16113,9532e459,04-01-2018-08 AM,04-01-2018-08 AM,2
476,32.717987,-117.16113,9532e459,04-01-2018-08 PM,04-01-2018-08 PM,21
476,32.717987,-117.16113,9532e459,04-01-2018-09 AM,04-01-2018-09 AM,10
476,32.717987,-117.16113,9532e459,04-01-2018-09 PM,04-01-2018-09 PM,10
476,32.717987,-117.16113,9532e459,04-01-2018-10 AM,04-01-2018-10 AM,7
476,32.717987,-117.16113,9532e459,04-01-2018-10 PM,04-01-2018-10 PM,8
476,32.717987,-117.16113,9532e459,04-01-2018-11 AM,04-01-2018-11 AM,3
476,32.717987,-117.16113,9532e459,04-01-2018-11 PM,04-01-2018-11 PM,11
476,32.717987,-117.16113,9532e459,04-01-2018-12 AM,04-01-2018-12 AM,6
476,32.717987,-117.16113,9532e459,04-01-2018-12 PM,04-01-2018-12 PM,25
476,32.717987,-117.16113,9532e459,04-02-2018-01 AM,04-02-2018-01 AM,0
476,32.717987,-117.16113,9532e459,04-02-2018-01 PM,04-02-2018-01 PM,21
476,32.717987,-117.16113,9532e459,04-02-2018-02 AM,04-02-2018-02 AM,3
476,32.717987,-117.16113,9532e459,04-02-2018-02 PM,04-02-2018-02 PM,5
476,32.717987,-117.16113,9532e459,04-02-2018-03 AM,04-02-2018-03 AM,0
476,32.717987,-117.16113,9532e459,04-02-2018-03 PM,04-02-2018-03 PM,27
476,32.717987,-117.16113,9532e459,04-02-2018-04 AM,04-02-2018-04 AM,1
476,32.717987,-117.16113,9532e459,04-02-2018-04 PM,04-02-2018-04 PM,19
476,32.717987,-117.16113,9532e459,04-02-2018-05 AM,04-02-2018-05 AM,6
476,32.717987,-117.16113,9532e459,04-02-2018-05 PM,04-02-2018-05 PM,9
476,32.717987,-117.16113,9532e459,04-02-2018-06 AM,04-02-2018-06 AM,7
476,32.717987,-117.16113,9532e459,04-02-2018-06 PM,04-02-2018-06 PM,23
476,32.717987,-117.16113,9532e459,04-02-2018-07 AM,04-02-2018-07 AM,15
476,32.717987,-117.16113,9532e459,04-02-2018-07 PM,04-02-2018-07 PM,8
476,32.717987,-117.16113,9532e459,04-02-2018-08 AM,04-02-2018-08 AM,27
476,32.717987,-117.16113,9532e459,04-02-2018-08 PM,04-02-2018-08 PM,7
476,32.717987,-117.16113,9532e459,04-02-2018-09 AM,04-02-2018-09 AM,25
476,32.717987,-117.16113,9532e459,04-02-2018-09 PM,04-02-2018-09 PM,3
476,32.717987,-117.16113,9532e459,04-02-2018-10 AM,04-02-2018-10 AM,20
476,32.717987,-117.16113,9532e459,04-02-2018-10 PM,04-02-2018-10 PM,5
476,32.717987,-117.16113,9532e459,04-02-2018-11 AM,04-02-2018-11 AM,10
476,32.717987,-117.16113,9532e459,04-02-2018-11 PM,04-02-2018-11 PM,1
476,32.717987,-117.16113,9532e459,04-02-2018-12 AM,04-02-2018-12 AM,31
476,32.717987,-117.16113,9532e459,04-02-2018-12 PM,04-02-2018-12 PM,27
3675,32.715767,-117.164024,98724f14,04-01-2018-01 AM,04-01-2018-01 AM,20
3675,32.715767,-117.164024,98724f14,04-01-2018-01 PM,04-01-2018-01 PM,102
3675,32.715767,-117.164024,98724f14,04-01-2018-02 AM,04-01-2018-02 AM,22
3675,32.715767,-117.164024,98724f14,04-01-2018-02 PM,04-01-2018-02 PM,78
3675,32.715767,-117.164024,98724f14,04-01-2018-03 AM,04-01-2018-03 AM,4
3675,32.715767,-117.164024,98724f14,04-01-2018-03 PM,04-01-2018-03 PM,122
3675,32.715767,-117.164024,98724f14,04-01-2018-04 AM,04-01-2018-04 AM,6
3675,32.715767,-117.164024,98724f14,04-01-2018-04 PM,04-01-2018-04 PM,111
3675,32.715767,-117.164024,98724f14,04-01-2018-05 AM,04-01-2018-05 AM,8
3675,32.715767,-117.164024,98724f14,04-01-2018-05 PM,04-01-2018-05 PM,41
3675,32.715767,-117.164024,98724f14,04-01-2018-06 AM,04-01-2018-06 AM,52
3675,32.715767,-117.164024,98724f14,04-01-2018-06 PM,04-01-2018-06 PM,73
3675,32.715767,-117.164024,98724f14,04-01-2018-07 AM,04-01-2018-07 AM,49
3675,32.715767,-117.164024,98724f14,04-01-2018-07 PM,04-01-2018-07 PM,62
3675,32.715767,-117.164024,98724f14,04-01-2018-08 AM,04-01-2018-08 AM,79
3675,32.715767,-117.164024,98724f14,04-01-2018-08 PM,04-01-2018-08 PM,21
3675,32.715767,-117.164024,98724f14,04-01-2018-09 AM,04-01-2018-09 AM,76
3675,32.715767,-117.164024,98724f14,04-01-2018-09 PM,04-01-2018-09 PM,24
3675,32.715767,-117.164024,98724f14,04-01-2018-10 AM,04-01-2018-10 AM,34
3675,32.715767,-117.164024,98724f14,04-01-2018-10 PM,04-01-2018-10 PM,9
3675,32.715767,-117.164024,98724f14,04-01-2018-11 AM,04-01-2018-11 AM,40
3675,32.715767,-117.164024,98724f14,04-01-2018-11 PM,04-01-2018-11 PM,13
3675,32.715767,-117.164024,98724f14,04-01-2018-12 AM,04-01-2018-12 AM,8
3675,32.715767,-117.164024,98724f14,04-01-2018-12 PM,04-01-2018-12 PM,44
3675,32.715767,-117.164024,98724f14,04-02-2018-01 AM,04-02-2018-01 AM,3
3675,32.715767,-117.164024,98724f14,04-02-2018-01 PM,04-02-2018-01 PM,206
3675,32.715767,-117.164024,98724f14,04-02-2018-02 AM,04-02-2018-02 AM,3
3675,32.715767,-117.164024,98724f14,04-02-2018-02 PM,04-02-2018-02 PM,163
3675,32.715767,-117.164024,98724f14,04-02-2018-03 AM,04-02-2018-03 AM,5
3675,32.715767,-117.164024,98724f14,04-02-2018-03 PM,04-02-2018-03 PM,199
3675,32.715767,-117.164024,98724f14,04-02-2018-04 AM,04-02-2018-04 AM,8
3675,32.715767,-117.164024,98724f14,04-02-2018-04 PM,04-02-2018-04 PM,161
3675,32.715767,-117.164024,98724f14,04-02-2018-05 AM,04-02-2018-05 AM,32
3675,32.715767,-117.164024,98724f14,04-02-2018-05 PM,04-02-2018-05 PM,98
3675,32.715767,-117.164024,98724f14,04-02-2018-06 AM,04-02-2018-06 AM,196
3675,32.715767,-117.164024,98724f14,04-02-2018-06 PM,04-02-2018-06 PM,154
3675,32.715767,-117.164024,98724f14,04-02-2018-07 AM,04-02-2018-07 AM,279
3675,32.715767,-117.164024,98724f14,04-02-2018-07 PM,04-02-2018-07 PM,81
3675,32.715767,-117.164024,98724f14,04-02-2018-08 AM,04-02-2018-08 AM,237
3675,32.715767,-117.164024,98724f14,04-02-2018-08 PM,04-02-2018-08 PM,28
3675,32.715767,-117.164024,98724f14,04-02-2018-09 AM,04-02-2018-09 AM,189
3675,32.715767,-117.164024,98724f14,04-02-2018-09 PM,04-02-2018-09 PM,15
3675,32.715767,-117.164024,98724f14,04-02-2018-10 AM,04-02-2018-10 AM,178
3675,32.715767,-117.164024,98724f14,04-02-2018-10 PM,04-02-2018-10 PM,13
3675,32.715767,-117.164024,98724f14,04-02-2018-11 AM,04-02-2018-11 AM,116
3675,32.715767,-117.164024,98724f14,04-02-2018-11 PM,04-02-2018-11 PM,6
3675,32.715767,-117.164024,98724f14,04-02-2018-12 AM,04-02-2018-12 AM,6
3675,32.715767,-117.164024,98724f14,04-02-2018-12 PM,04-02-2018-12 PM,201
6999,32.715515,-117.16109,a303efd4,04-01-2018-01 AM,04-01-2018-01 AM,217
6999,32.715515,-117.16109,a303efd4,04-01-2018-01 PM,04-01-2018-01 PM,156
6999,32.715515,-117.16109,a303efd4,04-01-2018-02 AM,04-01-2018-02 AM,161
6999,32.715515,-117.16109,a303efd4,04-01-2018-02 PM,04-01-2018-02 PM,174
6999,32.715515,-117.16109,a303efd4,04-01-2018-03 AM,04-01-2018-03 AM,45
6999,32.715515,-117.16109,a303efd4,04-01-2018-03 PM,04-01-2018-03 PM,102
6999,32.715515,-117.16109,a303efd4,04-01-2018-04 AM,04-01-2018-04 AM,20
6999,32.715515,-117.16109,a303efd4,04-01-2018-04 PM,04-01-2018-04 PM,201
6999,32.715515,-117.16109,a303efd4,04-01-2018-05 AM,04-01-2018-05 AM,10
6999,32.715515,-117.16109,a303efd4,04-01-2018-05 PM,04-01-2018-05 PM,103
6999,32.715515,-117.16109,a303efd4,04-01-2018-06 AM,04-01-2018-06 AM,41
6999,32.715515,-117.16109,a303efd4,04-01-2018-06 PM,04-01-2018-06 PM,237
6999,32.715515,-117.16109,a303efd4,04-01-2018-07 AM,04-01-2018-07 AM,67
6999,32.715515,-117.16109,a303efd4,04-01-2018-07 PM,04-01-2018-07 PM,168
6999,32.715515,-117.16109,a303efd4,04-01-2018-08 AM,04-01-2018-08 AM,90
6999,32.715515,-117.16109,a303efd4,04-01-2018-08 PM,04-01-2018-08 PM,106
6999,32.715515,-117.16109,a303efd4,04-01-2018-09 AM,04-01-2018-09 AM,158
6999,32.715515,-117.16109,a303efd4,04-01-2018-09 PM,04-01-2018-09 PM,104
6999,32.715515,-117.16109,a303efd4,04-01-2018-10 AM,04-01-2018-10 AM,150
6999,32.715515,-117.16109,a303efd4,04-01-2018-10 PM,04-01-2018-10 PM,61
6999,32.715515,-117.16109,a303efd4,04-01-2018-11 AM,04-01-2018-11 AM,144
6999,32.715515,-117.16109,a303efd4,04-01-2018-11 PM,04-01-2018-11 PM,37
6999,32.715515,-117.16109,a303efd4,04-01-2018-12 AM,04-01-2018-12 AM,224
6999,32.715515,-117.16109,a303efd4,04-01-2018-12 PM,04-01-2018-12 PM,182
6999,32.715515,-117.16109,a303efd4,04-02-2018-01 AM,04-02-2018-01 AM,27
6999,32.715515,-117.16109,a303efd4,04-02-2018-01 PM,04-02-2018-01 PM,226
6999,32.715515,-117.16109,a303efd4,04-02-2018-02 AM,04-02-2018-02 AM,17
6999,32.715515,-117.16109,a303efd4,04-02-2018-02 PM,04-02-2018-02 PM,275
6999,32.715515,-117.16109,a303efd4,04-02-2018-03 AM,04-02-2018-03 AM,11
6999,32.715515,-117.16109,a303efd4,04-02-2018-03 PM,04-02-2018-03 PM,286
6999,32.715515,-117.16109,a303efd4,04-02-2018-04 AM,04-02-2018-04 AM,13
6999,32.715515,-117.16109,a303efd4,04-02-2018-04 PM,04-02-2018-04 PM,368
6999,32.715515,-117.16109,a303efd4,04-02-2018-05 AM,04-02-2018-05 AM,15
6999,32.715515,-117.16109,a303efd4,04-02-2018-05 PM,04-02-2018-05 PM,300
6999,32.715515,-117.16109,a303efd4,04-02-2018-06 AM,04-02-2018-06 AM,93
6999,32.715515,-117.16109,a303efd4,04-02-2018-06 PM,04-02-2018-06 PM,409
6999,32.715515,-117.16109,a303efd4,04-02-2018-07 AM,04-02-2018-07 AM,197
6999,32.715515,-117.16109,a303efd4,04-02-2018-07 PM,04-02-2018-07 PM,237
6999,32.715515,-117.16109,a303efd4,04-02-2018-08 AM,04-02-2018-08 AM,299
6999,32.715515,-117.16109,a303efd4,04-02-2018-08 PM,04-02-2018-08 PM,130
6999,32.715515,-117.16109,a303efd4,04-02-2018-09 AM,04-02-2018-09 AM,259
6999,32.715515,-117.16109,a303efd4,04-02-2018-09 PM,04-02-2018-09 PM,92
6999,32.715515,-117.16109,a303efd4,04-02-2018-10 AM,04-02-2018-10 AM,231
6999,32.715515,-117.16109,a303efd4,04-02-2018-10 PM,04-02-2018-10 PM,72
6999,32.715515,-117.16109,a303efd4,04-02-2018-11 AM,04-02-2018-11 AM,156
6999,32.715515,-117.16109,a303efd4,04-02-2018-11 PM,04-02-2018-11 PM,39
6999,32.715515,-117.16109,a303efd4,04-02-2018-12 AM,04-02-2018-12 AM,38
6999,32.715515,-117.16109,a303efd4,04-02-2018-12 PM,04-02-2018-12 PM,251
432,32.72007,-117.16292,9f45b190,04-01-2018-01 AM,04-01-2018-01 AM,4
432,32.72007,-117.16292,9f45b190,04-01-2018-01 PM,04-01-2018-01 PM,7
432,32.72007,-117.16292,9f45b190,04-01-2018-02 AM,04-01-2018-02 AM,0
432,32.72007,-117.16292,9f45b190,04-01-2018-02 PM,04-01-2018-02 PM,7
432,32.72007,-117.16292,9f45b190,04-01-2018-03 AM,04-01-2018-03 AM,1
432,32.72007,-117.16292,9f45b190,04-01-2018-03 PM,04-01-2018-03 PM,29
432,32.72007,-117.16292,9f45b190,04-01-2018-04 AM,04-01-2018-04 AM,0
432,32.72007,-117.16292,9f45b190,04-01-2018-04 PM,04-01-2018-04 PM,8
432,32.72007,-117.16292,9f45b190,04-01-2018-05 AM,04-01-2018-05 AM,0
432,32.72007,-117.16292,9f45b190,04-01-2018-05 PM,04-01-2018-05 PM,4
432,32.72007,-117.16292,9f45b190,04-01-2018-06 AM,04-01-2018-06 AM,1
432,32.72007,-117.16292,9f45b190,04-01-2018-06 PM,04-01-2018-06 PM,11
432,32.72007,-117.16292,9f45b190,04-01-2018-07 AM,04-01-2018-07 AM,1
432,32.72007,-117.16292,9f45b190,04-01-2018-07 PM,04-01-2018-07 PM,1
432,32.72007,-117.16292,9f45b190,04-01-2018-08 AM,04-01-2018-08 AM,13
432,32.72007,-117.16292,9f45b190,04-01-2018-08 PM,04-01-2018-08 PM,2
432,32.72007,-117.16292,9f45b190,04-01-2018-09 AM,04-01-2018-09 AM,9
432,32.72007,-117.16292,9f45b190,04-01-2018-09 PM,04-01-2018-09 PM,9
432,32.72007,-117.16292,9f45b190,04-01-2018-10 AM,04-01-2018-10 AM,7
432,32.72007,-117.16292,9f45b190,04-01-2018-10 PM,04-01-2018-10 PM,1
432,32.72007,-117.16292,9f45b190,04-01-2018-11 AM,04-01-2018-11 AM,5
432,32.72007,-117.16292,9f45b190,04-01-2018-11 PM,04-01-2018-11 PM,0
432,32.72007,-117.16292,9f45b190,04-01-2018-12 AM,04-01-2018-12 AM,0
432,32.72007,-117.16292,9f45b190,04-01-2018-12 PM,04-01-2018-12 PM,11
432,32.72007,-117.16292,9f45b190,04-02-2018-01 AM,04-02-2018-01 AM,2
432,32.72007,-117.16292,9f45b190,04-02-2018-01 PM,04-02-2018-01 PM,21
432,32.72007,-117.16292,9f45b190,04-02-2018-02 AM,04-02-2018-02 AM,0
432,32.72007,-117.16292,9f45b190,04-02-2018-02 PM,04-02-2018-02 PM,24
432,32.72007,-117.16292,9f45b190,04-02-2018-03 AM,04-02-2018-03 AM,0
432,32.72007,-117.16292,9f45b190,04-02-2018-03 PM,04-02-2018-03 PM,18
432,32.72007,-117.16292,9f45b190,04-02-2018-04 AM,04-02-2018-04 AM,1
432,32.72007,-117.16292,9f45b190,04-02-2018-04 PM,04-02-2018-04 PM,47
432,32.72007,-117.16292,9f45b190,04-02-2018-05 AM,04-02-2018-05 AM,2
432,32.72007,-117.16292,9f45b190,04-02-2018-05 PM,04-02-2018-05 PM,50
432,32.72007,-117.16292,9f45b190,04-02-2018-06 AM,04-02-2018-06 AM,6
432,32.72007,-117.16292,9f45b190,04-02-2018-06 PM,04-02-2018-06 PM,27
432,32.72007,-117.16292,9f45b190,04-02-2018-07 AM,04-02-2018-07 AM,13
432,32.72007,-117.16292,9f45b190,04-02-2018-07 PM,04-02-2018-07 PM,6
432,32.72007,-117.16292,9f45b190,04-02-2018-08 AM,04-02-2018-08 AM,9
432,32.72007,-117.16292,9f45b190,04-02-2018-08 PM,04-02-2018-08 PM,3
432,32.72007,-117.16292,9f45b190,04-02-2018-09 AM,04-02-2018-09 AM,13
432,32.72007,-117.16292,9f45b190,04-02-2018-09 PM,04-02-2018-09 PM,0
432,32.72007,-117.16292,9f45b190,04-02-2018-10 AM,04-02-2018-10 AM,13
432,32.72007,-117.16292,9f45b190,04-02-2018-10 PM,04-02-2018-10 PM,0
432,32.72007,-117.16292,9f45b190,04-02-2018-11 AM,04-02-2018-11 AM,16
432,32.72007,-117.16292,9f45b190,04-02-2018-11 PM,04-02-2018-11 PM,0
432,32.72007,-117.16292,9f45b190,04-02-2018-12 AM,04-02-2018-12 AM,0
432,32.72007,-117.16292,9f45b190,04-02-2018-12 PM,04-02-2018-12 PM,30
644,32.71984,-117.16297,a116b931,04-01-2018-01 AM,04-01-2018-01 AM,4
644,32.71984,-117.16297,a116b931,04-01-2018-01 PM,04-01-2018-01 PM,4
644,32.71984,-117.16297,a116b931,04-01-2018-02 AM,04-01-2018-02 AM,4
644,32.71984,-117.16297,a116b931,04-01-2018-02 PM,04-01-2018-02 PM,7
644,32.71984,-117.16297,a116b931,04-01-2018-03 AM,04-01-2018-03 AM,4
644,32.71984,-117.16297,a116b931,04-01-2018-03 PM,04-01-2018-03 PM,8
644,32.71984,-117.16297,a116b931,04-01-2018-04 AM,04-01-2018-04 AM,0
644,32.71984,-117.16297,a116b931,04-01-2018-04 PM,04-01-2018-04 PM,6
644,32.71984,-117.16297,a116b931,04-01-2018-05 AM,04-01-2018-05 AM,1
644,32.71984,-117.16297,a116b931,04-01-2018-05 PM,04-01-2018-05 PM,1
644,32.71984,-117.16297,a116b931,04-01-2018-06 AM,04-01-2018-06 AM,3
644,32.71984,-117.16297,a116b931,04-01-2018-06 PM,04-01-2018-06 PM,12
644,32.71984,-117.16297,a116b931,04-01-2018-07 AM,04-01-2018-07 AM,0
644,32.71984,-117.16297,a116b931,04-01-2018-07 PM,04-01-2018-07 PM,4
644,32.71984,-117.16297,a116b931,04-01-2018-08 AM,04-01-2018-08 AM,8
644,32.71984,-117.16297,a116b931,04-01-2018-08 PM,04-01-2018-08 PM,4
644,32.71984,-117.16297,a116b931,04-01-2018-09 AM,04-01-2018-09 AM,5
644,32.71984,-117.16297,a116b931,04-01-2018-09 PM,04-01-2018-09 PM,5
644,32.71984,-117.16297,a116b931,04-01-2018-10 AM,04-01-2018-10 AM,9
644,32.71984,-117.16297,a116b931,04-01-2018-10 PM,04-01-2018-10 PM,1
644,32.71984,-117.16297,a116b931,04-01-2018-11 AM,04-01-2018-11 AM,12
644,32.71984,-117.16297,a116b931,04-01-2018-11 PM,04-01-2018-11 PM,2
644,32.71984,-117.16297,a116b931,04-01-2018-12 AM,04-01-2018-12 AM,4
644,32.71984,-117.16297,a116b931,04-01-2018-12 PM,04-01-2018-12 PM,21
644,32.71984,-117.16297,a116b931,04-02-2018-01 AM,04-02-2018-01 AM,1
644,32.71984,-117.16297,a116b931,04-02-2018-01 PM,04-02-2018-01 PM,38
644,32.71984,-117.16297,a116b931,04-02-2018-02 AM,04-02-2018-02 AM,1
644,32.71984,-117.16297,a116b931,04-02-2018-02 PM,04-02-2018-02 PM,21
644,32.71984,-117.16297,a116b931,04-02-2018-03 AM,04-02-2018-03 AM,1
644,32.71984,-117.16297,a116b931,04-02-2018-03 PM,04-02-2018-03 PM,21
644,32.71984,-117.16297,a116b931,04-02-2018-04 AM,04-02-2018-04 AM,2
644,32.71984,-117.16297,a116b931,04-02-2018-04 PM,04-02-2018-04 PM,15
644,32.71984,-117.16297,a116b931,04-02-2018-05 AM,04-02-2018-05 AM,2
644,32.71984,-117.16297,a116b931,04-02-2018-05 PM,04-02-2018-05 PM,16
644,32.71984,-117.16297,a116b931,04-02-2018-06 AM,04-02-2018-06 AM,19
644,32.71984,-117.16297,a116b931,04-02-2018-06 PM,04-02-2018-06 PM,8
644,32.71984,-117.16297,a116b931,04-02-2018-07 AM,04-02-2018-07 AM,87
644,32.71984,-117.16297,a116b931,04-02-2018-07 PM,04-02-2018-07 PM,7
644,32.71984,-117.16297,a116b931,04-02-2018-08 AM,04-02-2018-08 AM,125
644,32.71984,-117.16297,a116b931,04-02-2018-08 PM,04-02-2018-08 PM,1
644,32.71984,-117.16297,a116b931,04-02-2018-09 AM,04-02-2018-09 AM,61
644,32.71984,-117.16297,a116b931,04-02-2018-09 PM,04-02-2018-09 PM,2
644,32.71984,-117.16297,a116b931,04-02-2018-10 AM,04-02-2018-10 AM,39
644,32.71984,-117.16297,a116b931,04-02-2018-10 PM,04-02-2018-10 PM,1
644,32.71984,-117.16297,a116b931,04-02-2018-11 AM,04-02-2018-11 AM,17
644,32.71984,-117.16297,a116b931,04-02-2018-11 PM,04-02-2018-11 PM,1
644,32.71984,-117.16297,a116b931,04-02-2018-12 AM,04-02-2018-12 AM,2
644,32.71984,-117.16297,a116b931,04-02-2018-12 PM,04-02-2018-12 PM,27
5226,32.71797,-117.162,a4b8c873,04-01-2018-01 AM,04-01-2018-01 AM,16
5226,32.71797,-117.162,a4b8c873,04-01-2018-01 PM,04-01-2018-01 PM,195
5226,32.71797,-117.162,a4b8c873,04-01-2018-02 AM,04-01-2018-02 AM,15
5226,32.71797,-117.162,a4b8c873,04-01-2018-02 PM,04-01-2018-02 PM,131
5226,32.71797,-117.162,a4b8c873,04-01-2018-03 AM,04-01-2018-03 AM,3
5226,32.71797,-117.162,a4b8c873,04-01-2018-03 PM,04-01-2018-03 PM,139
5226,32.71797,-117.162,a4b8c873,04-01-2018-04 AM,04-01-2018-04 AM,1
5226,32.71797,-117.162,a4b8c873,04-01-2018-04 PM,04-01-2018-04 PM,99
5226,32.71797,-117.162,a4b8c873,04-01-2018-05 AM,04-01-2018-05 AM,3
5226,32.71797,-117.162,a4b8c873,04-01-2018-05 PM,04-01-2018-05 PM,89
5226,32.71797,-117.162,a4b8c873,04-01-2018-06 AM,04-01-2018-06 AM,27
5226,32.71797,-117.162,a4b8c873,04-01-2018-06 PM,04-01-2018-06 PM,200
5226,32.71797,-117.162,a4b8c873,04-01-2018-07 AM,04-01-2018-07 AM,40
5226,32.71797,-117.162,a4b8c873,04-01-2018-07 PM,04-01-2018-07 PM,46
5226,32.71797,-117.162,a4b8c873,04-01-2018-08 AM,04-01-2018-08 AM,100
5226,32.71797,-117.162,a4b8c873,04-01-2018-08 PM,04-01-2018-08 PM,14
5226,32.71797,-117.162,a4b8c873,04-01-2018-09 AM,04-01-2018-09 AM,135
5226,32.71797,-117.162,a4b8c873,04-01-2018-09 PM,04-01-2018-09 PM,34
5226,32.71797,-117.162,a4b8c873,04-01-2018-10 AM,04-01-2018-10 AM,83
5226,32.71797,-117.162,a4b8c873,04-01-2018-10 PM,04-01-2018-10 PM,1
5226,32.71797,-117.162,a4b8c873,04-01-2018-11 AM,04-01-2018-11 AM,59
5226,32.71797,-117.162,a4b8c873,04-01-2018-11 PM,04-01-2018-11 PM,2
5226,32.71797,-117.162,a4b8c873,04-01-2018-12 AM,04-01-2018-12 AM,15
5226,32.71797,-117.162,a4b8c873,04-01-2018-12 PM,04-01-2018-12 PM,318
5226,32.71797,-117.162,a4b8c873,04-02-2018-01 AM,04-02-2018-01 AM,2
5226,32.71797,-117.162,a4b8c873,04-02-2018-01 PM,04-02-2018-01 PM,275
5226,32.71797,-117.162,a4b8c873,04-02-2018-02 AM,04-02-2018-02 AM,2
5226,32.71797,-117.162,a4b8c873,04-02-2018-02 PM,04-02-2018-02 PM,280
5226,32.71797,-117.162,a4b8c873,04-02-2018-03 AM,04-02-2018-03 AM,2
5226,32.71797,-117.162,a4b8c873,04-02-2018-03 PM,04-02-2018-03 PM,216
5226,32.71797,-117.162,a4b8c873,04-02-2018-04 AM,04-02-2018-04 AM,2
5226,32.71797,-117.162,a4b8c873,04-02-2018-04 PM,04-02-2018-04 PM,262
5226,32.71797,-117.162,a4b8c873,04-02-2018-05 AM,04-02-2018-05 AM,6
5226,32.71797,-117.162,a4b8c873,04-02-2018-05 PM,04-02-2018-05 PM,194
5226,32.71797,-117.162,a4b8c873,04-02-2018-06 AM,04-02-2018-06 AM,199
5226,32.71797,-117.162,a4b8c873,04-02-2018-06 PM,04-02-2018-06 PM,202
5226,32.71797,-117.162,a4b8c873,04-02-2018-07 AM,04-02-2018-07 AM,406
5226,32.71797,-117.162,a4b8c873,04-02-2018-07 PM,04-02-2018-07 PM,48
5226,32.71797,-117.162,a4b8c873,04-02-2018-08 AM,04-02-2018-08 AM,358
5226,32.71797,-117.162,a4b8c873,04-02-2018-08 PM,04-02-2018-08 PM,15
5226,32.71797,-117.162,a4b8c873,04-02-2018-09 AM,04-02-2018-09 AM,279
5226,32.71797,-117.162,a4b8c873,04-02-2018-09 PM,04-02-2018-09 PM,4
5226,32.71797,-117.162,a4b8c873,04-02-2018-10 AM,04-02-2018-10 AM,264
5226,32.71797,-117.162,a4b8c873,04-02-2018-10 PM,04-02-2018-10 PM,10
5226,32.71797,-117.162,a4b8c873,04-02-2018-11 AM,04-02-2018-11 AM,168
5226,32.71797,-117.162,a4b8c873,04-02-2018-11 PM,04-02-2018-11 PM,5
5226,32.71797,-117.162,a4b8c873,04-02-2018-12 AM,04-02-2018-12 AM,5
5226,32.71797,-117.162,a4b8c873,04-02-2018-12 PM,04-02-2018-12 PM,257
5133,32.71566,-117.163605,bc2be51d,04-01-2018-01 AM,04-01-2018-01 AM,61
5133,32.71566,-117.163605,bc2be51d,04-01-2018-01 PM,04-01-2018-01 PM,172
5133,32.71566,-117.163605,bc2be51d,04-01-2018-02 AM,04-01-2018-02 AM,49
5133,32.71566,-117.163605,bc2be51d,04-01-2018-02 PM,04-01-2018-02 PM,163
5133,32.71566,-117.163605,bc2be51d,04-01-2018-03 AM,04-01-2018-03 AM,14
5133,32.71566,-117.163605,bc2be51d,04-01-2018-03 PM,04-01-2018-03 PM,86
5133,32.71566,-117.163605,bc2be51d,04-01-2018-04 AM,04-01-2018-04 AM,11
5133,32.71566,-117.163605,bc2be51d,04-01-2018-04 PM,04-01-2018-04 PM,72
5133,32.71566,-117.163605,bc2be51d,04-01-2018-05 AM,04-01-2018-05 AM,4
5133,32.71566,-117.163605,bc2be51d,04-01-2018-05 PM,04-01-2018-05 PM,55
5133,32.71566,-117.163605,bc2be51d,04-01-2018-06 AM,04-01-2018-06 AM,35
5133,32.71566,-117.163605,bc2be51d,04-01-2018-06 PM,04-01-2018-06 PM,139
5133,32.71566,-117.163605,bc2be51d,04-01-2018-07 AM,04-01-2018-07 AM,58
5133,32.71566,-117.163605,bc2be51d,04-01-2018-07 PM,04-01-2018-07 PM,79
5133,32.71566,-117.163605,bc2be51d,04-01-2018-08 AM,04-01-2018-08 AM,81
5133,32.71566,-117.163605,bc2be51d,04-01-2018-08 PM,04-01-2018-08 PM,31
5133,32.71566,-117.163605,bc2be51d,04-01-2018-09 AM,04-01-2018-09 AM,121
5133,32.71566,-117.163605,bc2be51d,04-01-2018-09 PM,04-01-2018-09 PM,39
5133,32.71566,-117.163605,bc2be51d,04-01-2018-10 AM,04-01-2018-10 AM,161
5133,32.71566,-117.163605,bc2be51d,04-01-2018-10 PM,04-01-2018-10 PM,22
5133,32.71566,-117.163605,bc2be51d,04-01-2018-11 AM,04-01-2018-11 AM,117
5133,32.71566,-117.163605,bc2be51d,04-01-2018-11 PM,04-01-2018-11 PM,13
5133,32.71566,-117.163605,bc2be51d,04-01-2018-12 AM,04-01-2018-12 AM,52
5133,32.71566,-117.163605,bc2be51d,04-01-2018-12 PM,04-01-2018-12 PM,202
5133,32.71566,-117.163605,bc2be51d,04-02-2018-01 AM,04-02-2018-01 AM,8
5133,32.71566,-117.163605,bc2be51d,04-02-2018-01 PM,04-02-2018-01 PM,244
5133,32.71566,-117.163605,bc2be51d,04-02-2018-02 AM,04-02-2018-02 AM,5
5133,32.71566,-117.163605,bc2be51d,04-02-2018-02 PM,04-02-2018-02 PM,240
5133,32.71566,-117.163605,bc2be51d,04-02-2018-03 AM,04-02-2018-03 AM,4
5133,32.71566,-117.163605,bc2be51d,04-02-2018-03 PM,04-02-2018-03 PM,289
5133,32.71566,-117.163605,bc2be51d,04-02-2018-04 AM,04-02-2018-04 AM,4
5133,32.71566,-117.163605,bc2be51d,04-02-2018-04 PM,04-02-2018-04 PM,369
5133,32.71566,-117.163605,bc2be51d,04-02-2018-05 AM,04-02-2018-05 AM,6
5133,32.71566,-117.163605,bc2be51d,04-02-2018-05 PM,04-02-2018-05 PM,314
5133,32.71566,-117.163605,bc2be51d,04-02-2018-06 AM,04-02-2018-06 AM,66
5133,32.71566,-117.163605,bc2be51d,04-02-2018-06 PM,04-02-2018-06 PM,250
5133,32.71566,-117.163605,bc2be51d,04-02-2018-07 AM,04-02-2018-07 AM,128
5133,32.71566,-117.163605,bc2be51d,04-02-2018-07 PM,04-02-2018-07 PM,124
5133,32.71566,-117.163605,bc2be51d,04-02-2018-08 AM,04-02-2018-08 AM,245
5133,32.71566,-117.163605,bc2be51d,04-02-2018-08 PM,04-02-2018-08 PM,54
5133,32.71566,-117.163605,bc2be51d,04-02-2018-09 AM,04-02-2018-09 AM,245
5133,32.71566,-117.163605,bc2be51d,04-02-2018-09 PM,04-02-2018-09 PM,33
5133,32.71566,-117.163605,bc2be51d,04-02-2018-10 AM,04-02-2018-10 AM,211
5133,32.71566,-117.163605,bc2be51d,04-02-2018-10 PM,04-02-2018-10 PM,21
5133,32.71566,-117.163605,bc2be51d,04-02-2018-11 AM,04-02-2018-11 AM,153
5133,32.71566,-117.163605,bc2be51d,04-02-2018-11 PM,04-02-2018-11 PM,11
5133,32.71566,-117.163605,bc2be51d,04-02-2018-12 AM,04-02-2018-12 AM,12
5133,32.71566,-117.163605,bc2be51d,04-02-2018-12 PM,04-02-2018-12 PM,260
745,32.719925,-117.16182,9b32e646,04-01-2018-01 AM,04-01-2018-01 AM,0
745,32.719925,-117.16182,9b32e646,04-01-2018-01 PM,04-01-2018-01 PM,5
745,32.719925,-117.16182,9b32e646,04-01-2018-02 AM,04-01-2018-02 AM,0
745,32.719925,-117.16182,9b32e646,04-01-2018-02 PM,04-01-2018-02 PM,9
745,32.719925,-117.16182,9b32e646,04-01-2018-03 AM,04-01-2018-03 AM,0
745,32.719925,-117.16182,9b32e646,04-01-2018-03 PM,04-01-2018-03 PM,8
745,32.719925,-117.16182,9b32e646,04-01-2018-04 AM,04-01-2018-04 AM,0
745,32.719925,-117.16182,9b32e646,04-01-2018-04 PM,04-01-2018-04 PM,5
745,32.719925,-117.16182,9b32e646,04-01-2018-05 AM,04-01-2018-05 AM,0
745,32.719925,-117.16182,9b32e646,04-01-2018-05 PM,04-01-2018-05 PM,9
745,32.719925,-117.16182,9b32e646,04-01-2018-06 AM,04-01-2018-06 AM,2
745,32.719925,-117.16182,9b32e646,04-01-2018-06 PM,04-01-2018-06 PM,13
745,32.719925,-117.16182,9b32e646,04-01-2018-07 AM,04-01-2018-07 AM,0
745,32.719925,-117.16182,9b32e646,04-01-2018-07 PM,04-01-2018-07 PM,3
745,32.719925,-117.16182,9b32e646,04-01-2018-08 AM,04-01-2018-08 AM,6
745,32.719925,-117.16182,9b32e646,04-01-2018-08 PM,04-01-2018-08 PM,6
745,32.719925,-117.16182,9b32e646,04-01-2018-09 AM,04-01-2018-09 AM,2
745,32.719925,-117.16182,9b32e646,04-01-2018-09 PM,04-01-2018-09 PM,9
745,32.719925,-117.16182,9b32e646,04-01-2018-10 AM,04-01-2018-10 AM,8
745,32.719925,-117.16182,9b32e646,04-01-2018-10 PM,04-01-2018-10 PM,1
745,32.719925,-117.16182,9b32e646,04-01-2018-11 AM,04-01-2018-11 AM,12
745,32.719925,-117.16182,9b32e646,04-01-2018-11 PM,04-01-2018-11 PM,1
745,32.719925,-117.16182,9b32e646,04-01-2018-12 AM,04-01-2018-12 AM,0
745,32.719925,-117.16182,9b32e646,04-01-2018-12 PM,04-01-2018-12 PM,16
745,32.719925,-117.16182,9b32e646,04-02-2018-01 AM,04-02-2018-01 AM,2
745,32.719925,-117.16182,9b32e646,04-02-2018-01 PM,04-02-2018-01 PM,35
745,32.719925,-117.16182,9b32e646,04-02-2018-02 AM,04-02-2018-02 AM,0
745,32.719925,-117.16182,9b32e646,04-02-2018-02 PM,04-02-2018-02 PM,30
745,32.719925,-117.16182,9b32e646,04-02-2018-03 AM,04-02-2018-03 AM,0
745,32.719925,-117.16182,9b32e646,04-02-2018-03 PM,04-02-2018-03 PM,27
745,32.719925,-117.16182,9b32e646,04-02-2018-04 AM,04-02-2018-04 AM,0
745,32.719925,-117.16182,9b32e646,04-02-2018-04 PM,04-02-2018-04 PM,12
745,32.719925,-117.16182,9b32e646,04-02-2018-05 AM,04-02-2018-05 AM,5
745,32.719925,-117.16182,9b32e646,04-02-2018-05 PM,04-02-2018-05 PM,16
745,32.719925,-117.16182,9b32e646,04-02-2018-06 AM,04-02-2018-06 AM,18
745,32.719925,-117.16182,9b32e646,04-02-2018-06 PM,04-02-2018-06 PM,3
745,32.719925,-117.16182,9b32e646,04-02-2018-07 AM,04-02-2018-07 AM,167
745,32.719925,-117.16182,9b32e646,04-02-2018-07 PM,04-02-2018-07 PM,2
745,32.719925,-117.16182,9b32e646,04-02-2018-08 AM,04-02-2018-08 AM,149
745,32.719925,-117.16182,9b32e646,04-02-2018-08 PM,04-02-2018-08 PM,2
745,32.719925,-117.16182,9b32e646,04-02-2018-09 AM,04-02-2018-09 AM,58
745,32.719925,-117.16182,9b32e646,04-02-2018-09 PM,04-02-2018-09 PM,8
745,32.719925,-117.16182,9b32e646,04-02-2018-10 AM,04-02-2018-10 AM,18
745,32.719925,-117.16182,9b32e646,04-02-2018-10 PM,04-02-2018-10 PM,14
745,32.719925,-117.16182,9b32e646,04-02-2018-11 AM,04-02-2018-11 AM,17
745,32.719925,-117.16182,9b32e646,04-02-2018-11 PM,04-02-2018-11 PM,0
745,32.719925,-117.16182,9b32e646,04-02-2018-12 AM,04-02-2018-12 AM,2
745,32.719925,-117.16182,9b32e646,04-02-2018-12 PM,04-02-2018-12 PM,45
34,32.71599,-117.163,a390dade,04-01-2018-01 AM,04-01-2018-01 AM,0
34,32.71599,-117.163,a390dade,04-01-2018-01 PM,04-01-2018-01 PM,2
34,32.71599,-117.163,a390dade,04-01-2018-02 AM,04-01-2018-02 AM,0
34,32.71599,-117.163,a390dade,04-01-2018-02 PM,04-01-2018-02 PM,0
34,32.71599,-117.163,a390dade,04-01-2018-03 AM,04-01-2018-03 AM,0
34,32.71599,-117.163,a390dade,04-01-2018-03 PM,04-01-2018-03 PM,3
34,32.71599,-117.163,a390dade,04-01-2018-04 AM,04-01-2018-04 AM,0
34,32.71599,-117.163,a390dade,04-01-2018-04 PM,04-01-2018-04 PM,2
34,32.71599,-117.163,a390dade,04-01-2018-05 AM,04-01-2018-05 AM,0
34,32.71599,-117.163,a390dade,04-01-2018-05 PM,04-01-2018-05 PM,2
34,32.71599,-117.163,a390dade,04-01-2018-06 AM,04-01-2018-06 AM,0
34,32.71599,-117.163,a390dade,04-01-2018-06 PM,04-01-2018-06 PM,0
34,32.71599,-117.163,a390dade,04-01-2018-07 AM,04-01-2018-07 AM,1
34,32.71599,-117.163,a390dade,04-01-2018-07 PM,04-01-2018-07 PM,0
34,32.71599,-117.163,a390dade,04-01-2018-08 AM,04-01-2018-08 AM,1
34,32.71599,-117.163,a390dade,04-01-2018-08 PM,04-01-2018-08 PM,1
34,32.71599,-117.163,a390dade,04-01-2018-09 AM,04-01-2018-09 AM,0
34,32.71599,-117.163,a390dade,04-01-2018-09 PM,04-01-2018-09 PM,0
34,32.71599,-117.163,a390dade,04-01-2018-10 AM,04-01-2018-10 AM,1
34,32.71599,-117.163,a390dade,04-01-2018-10 PM,04-01-2018-10 PM,0
34,32.71599,-117.163,a390dade,04-01-2018-11 AM,04-01-2018-11 AM,0
34,32.71599,-117.163,a390dade,04-01-2018-11 PM,04-01-2018-11 PM,0
34,32.71599,-117.163,a390dade,04-01-2018-12 AM,04-01-2018-12 AM,0
34,32.71599,-117.163,a390dade,04-01-2018-12 PM,04-01-2018-12 PM,2
34,32.71599,-117.163,a390dade,04-02-2018-01 AM,04-02-2018-01 AM,0
34,32.71599,-117.163,a390dade,04-02-2018-01 PM,04-02-2018-01 PM,1
34,32.71599,-117.163,a390dade,04-02-2018-02 AM,04-02-2018-02 AM,0
34,32.71599,-117.163,a390dade,04-02-2018-02 PM,04-02-2018-02 PM,3
34,32.71599,-117.163,a390dade,04-02-2018-03 AM,04-02-2018-03 AM,0
34,32.71599,-117.163,a390dade,04-02-2018-03 PM,04-02-2018-03 PM,5
34,32.71599,-117.163,a390dade,04-02-2018-04 AM,04-02-2018-04 AM,0
34,32.71599,-117.163,a390dade,04-02-2018-04 PM,04-02-2018-04 PM,0
34,32.71599,-117.163,a390dade,04-02-2018-05 AM,04-02-2018-05 AM,1
34,32.71599,-117.163,a390dade,04-02-2018-05 PM,04-02-2018-05 PM,0
34,32.71599,-117.163,a390dade,04-02-2018-06 AM,04-02-2018-06 AM,0
34,32.71599,-117.163,a390dade,04-02-2018-06 PM,04-02-2018-06 PM,3
34,32.71599,-117.163,a390dade,04-02-2018-07 AM,04-02-2018-07 AM,2
34,32.71599,-117.163,a390dade,04-02-2018-07 PM,04-02-2018-07 PM,0
34,32.71599,-117.163,a390dade,04-02-2018-08 AM,04-02-2018-08 AM,1
34,32.71599,-117.163,a390dade,04-02-2018-08 PM,04-02-2018-08 PM,0
34,32.71599,-117.163,a390dade,04-02-2018-09 AM,04-02-2018-09 AM,0
34,32.71599,-117.163,a390dade,04-02-2018-09 PM,04-02-2018-09 PM,0
34,32.71599,-117.163,a390dade,04-02-2018-10 AM,04-02-2018-10 AM,0
34,32.71599,-117.163,a390dade,04-02-2018-10 PM,04-02-2018-10 PM,0
34,32.71599,-117.163,a390dade,04-02-2018-11 AM,04-02-2018-11 AM,0
34,32.71599,-117.163,a390dade,04-02-2018-11 PM,04-02-2018-11 PM,1
34,32.71599,-117.163,a390dade,04-02-2018-12 AM,04-02-2018-12 AM,0
34,32.71599,-117.163,a390dade,04-02-2018-12 PM,04-02-2018-12 PM,2
1491,32.719997,-117.16205,954f135b,04-01-2018-01 AM,04-01-2018-01 AM,2
1491,32.719997,-117.16205,954f135b,04-01-2018-01 PM,04-01-2018-01 PM,62
1491,32.719997,-117.16205,954f135b,04-01-2018-02 AM,04-01-2018-02 AM,4
1491,32.719997,-117.16205,954f135b,04-01-2018-02 PM,04-01-2018-02 PM,44
1491,32.719997,-117.16205,954f135b,04-01-2018-03 AM,04-01-2018-03 AM,1
1491,32.719997,-117.16205,954f135b,04-01-2018-03 PM,04-01-2018-03 PM,41
1491,32.719997,-117.16205,954f135b,04-01-2018-04 AM,04-01-2018-04 AM,3
1491,32.719997,-117.16205,954f135b,04-01-2018-04 PM,04-01-2018-04 PM,20
1491,32.719997,-117.16205,954f135b,04-01-2018-05 AM,04-01-2018-05 AM,2
1491,32.719997,-117.16205,954f135b,04-01-2018-05 PM,04-01-2018-05 PM,24
1491,32.719997,-117.16205,954f135b,04-01-2018-06 AM,04-01-2018-06 AM,16
1491,32.719997,-117.16205,954f135b,04-01-2018-06 PM,04-01-2018-06 PM,54
1491,32.719997,-117.16205,954f135b,04-01-2018-07 AM,04-01-2018-07 AM,9
1491,32.719997,-117.16205,954f135b,04-01-2018-07 PM,04-01-2018-07 PM,7
1491,32.719997,-117.16205,954f135b,04-01-2018-08 AM,04-01-2018-08 AM,93
1491,32.719997,-117.16205,954f135b,04-01-2018-08 PM,04-01-2018-08 PM,5
1491,32.719997,-117.16205,954f135b,04-01-2018-09 AM,04-01-2018-09 AM,56
1491,32.719997,-117.16205,954f135b,04-01-2018-09 PM,04-01-2018-09 PM,20
1491,32.719997,-117.16205,954f135b,04-01-2018-10 AM,04-01-2018-10 AM,47
1491,32.719997,-117.16205,954f135b,04-01-2018-10 PM,04-01-2018-10 PM,1
1491,32.719997,-117.16205,954f135b,04-01-2018-11 AM,04-01-2018-11 AM,30
1491,32.719997,-117.16205,954f135b,04-01-2018-11 PM,04-01-2018-11 PM,0
1491,32.719997,-117.16205,954f135b,04-01-2018-12 AM,04-01-2018-12 AM,4
1491,32.719997,-117.16205,954f135b,04-01-2018-12 PM,04-01-2018-12 PM,47
1491,32.719997,-117.16205,954f135b,04-02-2018-01 AM,04-02-2018-01 AM,0
1491,32.719997,-117.16205,954f135b,04-02-2018-01 PM,04-02-2018-01 PM,71
1491,32.719997,-117.16205,954f135b,04-02-2018-02 AM,04-02-2018-02 AM,0
1491,32.719997,-117.16205,954f135b,04-02-2018-02 PM,04-02-2018-02 PM,58
1491,32.719997,-117.16205,954f135b,04-02-2018-03 AM,04-02-2018-03 AM,1
1491,32.719997,-117.16205,954f135b,04-02-2018-03 PM,04-02-2018-03 PM,93
1491,32.719997,-117.16205,954f135b,04-02-2018-04 AM,04-02-2018-04 AM,0
1491,32.719997,-117.16205,954f135b,04-02-2018-04 PM,04-02-2018-04 PM,123
1491,32.719997,-117.16205,954f135b,04-02-2018-05 AM,04-02-2018-05 AM,3
1491,32.719997,-117.16205,954f135b,04-02-2018-05 PM,04-02-2018-05 PM,99
1491,32.719997,-117.16205,954f135b,04-02-2018-06 AM,04-02-2018-06 AM,21
1491,32.719997,-117.16205,954f135b,04-02-2018-06 PM,04-02-2018-06 PM,52
1491,32.719997,-117.16205,954f135b,04-02-2018-07 AM,04-02-2018-07 AM,44
1491,32.719997,-117.16205,954f135b,04-02-2018-07 PM,04-02-2018-07 PM,18
1491,32.719997,-117.16205,954f135b,04-02-2018-08 AM,04-02-2018-08 AM,38
1491,32.719997,-117.16205,954f135b,04-02-2018-08 PM,04-02-2018-08 PM,11
1491,32.719997,-117.16205,954f135b,04-02-2018-09 AM,04-02-2018-09 AM,51
1491,32.719997,-117.16205,954f135b,04-02-2018-09 PM,04-02-2018-09 PM,4
1491,32.719997,-117.16205,954f135b,04-02-2018-10 AM,04-02-2018-10 AM,74
1491,32.719997,-117.16205,954f135b,04-02-2018-10 PM,04-02-2018-10 PM,6
1491,32.719997,-117.16205,954f135b,04-02-2018-11 AM,04-02-2018-11 AM,60
1491,32.719997,-117.16205,954f135b,04-02-2018-11 PM,04-02-2018-11 PM,0
1491,32.719997,-117.16205,954f135b,04-02-2018-12 AM,04-02-2018-12 AM,1
1491,32.719997,-117.16205,954f135b,04-02-2018-12 PM,04-02-2018-12 PM,71
114,32.717926,-117.163864,9d74a9ef,04-01-2018-01 AM,04-01-2018-01 AM,1
114,32.717926,-117.163864,9d74a9ef,04-01-2018-01 PM,04-01-2018-01 PM,0
114,32.717926,-117.163864,9d74a9ef,04-01-2018-02 AM,04-01-2018-02 AM,2
114,32.717926,-117.163864,9d74a9ef,04-01-2018-02 PM,04-01-2018-02 PM,4
114,32.717926,-117.163864,9d74a9ef,04-01-2018-03 AM,04-01-2018-03 AM,0
114,32.717926,-117.163864,9d74a9ef,04-01-2018-03 PM,04-01-2018-03 PM,2
114,32.717926,-117.163864,9d74a9ef,04-01-2018-04 AM,04-01-2018-04 AM,1
114,32.717926,-117.163864,9d74a9ef,04-01-2018-04 PM,04-01-2018-04 PM,7
114,32.717926,-117.163864,9d74a9ef,04-01-2018-05 AM,04-01-2018-05 AM,0
114,32.717926,-117.163864,9d74a9ef,04-01-2018-05 PM,04-01-2018-05 PM,3
114,32.717926,-117.163864,9d74a9ef,04-01-2018-06 AM,04-01-2018-06 AM,1
114,32.717926,-117.163864,9d74a9ef,04-01-2018-06 PM,04-01-2018-06 PM,0
114,32.717926,-117.163864,9d74a9ef,04-01-2018-07 AM,04-01-2018-07 AM,2
114,32.717926,-117.163864,9d74a9ef,04-01-2018-07 PM,04-01-2018-07 PM,3
114,32.717926,-117.163864,9d74a9ef,04-01-2018-08 AM,04-01-2018-08 AM,0
114,32.717926,-117.163864,9d74a9ef,04-01-2018-08 PM,04-01-2018-08 PM,1
114,32.717926,-117.163864,9d74a9ef,04-01-2018-09 AM,04-01-2018-09 AM,3
114,32.717926,-117.163864,9d74a9ef,04-01-2018-09 PM,04-01-2018-09 PM,3
114,32.717926,-117.163864,9d74a9ef,04-01-2018-10 AM,04-01-2018-10 AM,1
114,32.717926,-117.163864,9d74a9ef,04-01-2018-10 PM,04-01-2018-10 PM,0
114,32.717926,-117.163864,9d74a9ef,04-01-2018-11 AM,04-01-2018-11 AM,5
114,32.717926,-117.163864,9d74a9ef,04-01-2018-11 PM,04-01-2018-11 PM,0
114,32.717926,-117.163864,9d74a9ef,04-01-2018-12 AM,04-01-2018-12 AM,4
114,32.717926,-117.163864,9d74a9ef,04-01-2018-12 PM,04-01-2018-12 PM,0
114,32.717926,-117.163864,9d74a9ef,04-02-2018-01 AM,04-02-2018-01 AM,0
114,32.717926,-117.163864,9d74a9ef,04-02-2018-01 PM,04-02-2018-01 PM,2
114,32.717926,-117.163864,9d74a9ef,04-02-2018-02 AM,04-02-2018-02 AM,0
114,32.717926,-117.163864,9d74a9ef,04-02-2018-02 PM,04-02-2018-02 PM,4
114,32.717926,-117.163864,9d74a9ef,04-02-2018-03 AM,04-02-2018-03 AM,1
114,32.717926,-117.163864,9d74a9ef,04-02-2018-03 PM,04-02-2018-03 PM,5
114,32.717926,-117.163864,9d74a9ef,04-02-2018-04 AM,04-02-2018-04 AM,0
114,32.717926,-117.163864,9d74a9ef,04-02-2018-04 PM,04-02-2018-04 PM,10
114,32.717926,-117.163864,9d74a9ef,04-02-2018-05 AM,04-02-2018-05 AM,1
114,32.717926,-117.163864,9d74a9ef,04-02-2018-05 PM,04-02-2018-05 PM,1
114,32.717926,-117.163864,9d74a9ef,04-02-2018-06 AM,04-02-2018-06 AM,5
114,32.717926,-117.163864,9d74a9ef,04-02-2018-06 PM,04-02-2018-06 PM,4
114,32.717926,-117.163864,9d74a9ef,04-02-2018-07 AM,04-02-2018-07 AM,8
114,32.717926,-117.163864,9d74a9ef,04-02-2018-07 PM,04-02-2018-07 PM,5
114,32.717926,-117.163864,9d74a9ef,04-02-2018-08 AM,04-02-2018-08 AM,1
114,32.717926,-117.163864,9d74a9ef,04-02-2018-08 PM,04-02-2018-08 PM,4
114,32.717926,-117.163864,9d74a9ef,04-02-2018-09 AM,04-02-2018-09 AM,7
114,32.717926,-117.163864,9d74a9ef,04-02-2018-09 PM,04-02-2018-09 PM,2
114,32.717926,-117.163864,9d74a9ef,04-02-2018-10 AM,04-02-2018-10 AM,6
114,32.717926,-117.163864,9d74a9ef,04-02-2018-10 PM,04-02-2018-10 PM,1
114,32.717926,-117.163864,9d74a9ef,04-02-2018-11 AM,04-02-2018-11 AM,1
114,32.717926,-117.163864,9d74a9ef,04-02-2018-11 PM,04-02-2018-11 PM,0
114,32.717926,-117.163864,9d74a9ef,04-02-2018-12 AM,04-02-2018-12 AM,0
114,32.717926,-117.163864,9d74a9ef,04-02-2018-12 PM,04-02-2018-12 PM,3
433,32.7155,-117.16382,a553cafe,04/01/2018,04/01/2018,433,
1490,32.719864,-117.16318,a0fa8a2f,04/01/2018,04/01/2018,1490,
3089,32.715775,-117.16315,9f61e092,04/01/2018,04/01/2018,3089,
944,32.715683,-117.164505,befa93d0,04/01/2018,04/01/2018,944,
176,32.717987,-117.16113,9532e459,04/01/2018,04/01/2018,176,
1098,32.715767,-117.164024,98724f14,04/01/2018,04/01/2018,1098,
2958,32.715515,-117.16109,a303efd4,04/01/2018,04/01/2018,2958,
131,32.72007,-117.16292,9f45b190,04/01/2018,04/01/2018,131,
129,32.71984,-117.16297,a116b931,04/01/2018,04/01/2018,129,
1765,32.71797,-117.162,a4b8c873,04/01/2018,04/01/2018,1765,
1837,32.71566,-117.163605,bc2be51d,04/01/2018,04/01/2018,1837,
115,32.719925,-117.16182,9b32e646,04/01/2018,04/01/2018,115,
15,32.71599,-117.163,a390dade,04/01/2018,04/01/2018,15,
592,32.719997,-117.16205,954f135b,04/01/2018,04/01/2018,592,
43,32.717926,-117.163864,9d74a9ef,04/01/2018,04/01/2018,43,
